{
  "version": "2020.2",
  "applications": [],
  "platforms": [
    {
      "name": "system_100_wrapper"
    }
  ],
  "systems": [
    {
      "name": "HYGRO-Tester-Design-App_system",
      "platform": "/home/timothystotts/Workareas/GitHub/HYGRO-Tester-Design-AXI-Ws/system_100_wrapper/export/system_100_wrapper/system_100_wrapper.xpfm",
      "sysConfig": "system_100_wrapper",
      "buildConfig": "Debug",
      "applications": [
        {
          "name": "HYGRO-Tester-Design-App",
          "platform": "/home/timothystotts/Workareas/GitHub/HYGRO-Tester-Design-AXI-Ws/system_100_wrapper/export/system_100_wrapper/system_100_wrapper.xpfm",
          "platformPath": "/home/timothystotts/Workareas/GitHub/HYGRO-Tester-Design-AXI-Ws/system_100_wrapper/export/system_100_wrapper",
          "sysConfig": "system_100_wrapper",
          "domain": "standalone_microblaze_0",
          "system": "HYGRO-Tester-Design-App_system"
        }
      ],
      "platformPath": "/home/timothystotts/Workareas/GitHub/HYGRO-Tester-Design-AXI-Ws/system_100_wrapper/export/system_100_wrapper"
    }
  ],
  "others": []
}